Employee_ID,Name,Department,Age
1001,Grace,HR,38
1002,David,Marketing,43
1003,Hannah,Finance,58
1004,Emma,Marketing,36
1005,Grace,Marketing,56
1006,Jack,Marketing,49
1007,Charlie,Marketing,28
1008,Grace,Sales,53
1009,Hannah,Sales,32
1010,Emma,IT,31
1011,David,HR,30
1012,Hannah,Marketing,35
1013,Hannah,IT,34
1014,Charlie,HR,46
1015,Frank,Finance,23
1016,Emma,Sales,56
1017,Bob,HR,28
1018,Hannah,Finance,42
1019,Frank,HR,39
1020,Bob,Sales,24
1021,Emma,Sales,32
1022,Alice,IT,45
1023,Jack,Marketing,40
1024,Frank,HR,25
1025,Ian,HR,47
1026,Alice,Finance,59
1027,Jack,Sales,53
1028,Charlie,HR,57
1029,Grace,Sales,58
1030,David,HR,54
1031,Ian,IT,57
1032,Charlie,Marketing,24
1033,Emma,HR,30
1034,Charlie,Sales,29
1035,Grace,IT,54
1036,Emma,HR,27
1037,Ian,Finance,25
1038,Grace,Marketing,34
1039,Bob,HR,23
1040,David,IT,26
1041,Ian,Finance,48
1042,Bob,IT,53
1043,Jack,IT,42
1044,Ian,Finance,29
1045,Jack,IT,59
1046,Emma,Finance,29
1047,Bob,HR,24
1048,David,Finance,24
1049,Grace,Finance,43
1050,Hannah,Marketing,27
1051,Charlie,Finance,23
1052,Alice,Finance,44
1053,David,HR,23
1054,Bob,Marketing,59
1055,Hannah,Sales,38
1056,David,HR,56
1057,Bob,HR,55
1058,Frank,Sales,44
1059,Frank,Finance,51
1060,Jack,IT,29
1061,David,Marketing,43
1062,Frank,IT,57
1063,Bob,Sales,26
1064,Jack,HR,34
1065,Bob,HR,50
1066,Jack,Marketing,52
1067,David,HR,37
1068,Hannah,HR,51
1069,Grace,Marketing,37
1070,Ian,Marketing,33
1071,Hannah,Sales,38
1072,Emma,HR,37
1073,Bob,HR,33
1074,Emma,Sales,29
1075,Hannah,Finance,41
1076,Jack,Finance,24
1077,Ian,Finance,37
1078,Ian,Sales,51
1079,Alice,HR,44
1080,Ian,Sales,49
1081,Grace,Sales,26
1082,Ian,Finance,41
1083,Hannah,IT,22
1084,Alice,HR,51
1085,Hannah,Finance,42
1086,Hannah,IT,41
1087,Charlie,IT,27
1088,Alice,Marketing,43
1089,Hannah,HR,39
1090,Charlie,IT,29
1091,Charlie,Finance,53
1092,Alice,Marketing,54
1093,Emma,HR,37
1094,Jack,Sales,33
1095,Grace,Finance,59
1096,Jack,IT,55
1097,Ian,IT,35
1098,Grace,Finance,57
1099,Ian,IT,54
1100,Hannah,Marketing,44
1101,Bob,HR,23
1102,Alice,Marketing,42
1103,Grace,IT,23
1104,Grace,Sales,48
1105,Hannah,HR,30
1106,Emma,HR,22
1107,Charlie,Finance,32
1108,Hannah,Finance,24
1109,Frank,Sales,44
1110,Charlie,HR,47
1111,Alice,Sales,25
1112,Charlie,Finance,39
1113,Emma,Finance,27
1114,Charlie,HR,56
1115,Alice,Marketing,43
1116,Emma,IT,36
1117,Jack,Finance,43
1118,Grace,Finance,58
1119,Grace,Marketing,33
1120,Ian,Marketing,59
1121,Jack,Sales,39
1122,Jack,Sales,56
1123,Charlie,IT,51
1124,Grace,IT,45
1125,Alice,HR,51
1126,David,Sales,35
1127,David,Finance,27
1128,Emma,Sales,24
1129,Grace,Finance,37
1130,Grace,Marketing,28
1131,David,Sales,35
1132,Grace,Marketing,30
1133,Charlie,IT,36
1134,Frank,IT,42
1135,Bob,HR,56
1136,Jack,Sales,23
1137,Ian,Marketing,48
1138,Emma,Finance,23
1139,Frank,IT,56
1140,David,IT,39
1141,Jack,Finance,35
1142,Grace,Marketing,41
1143,Ian,Marketing,39
1144,Grace,Sales,31
1145,Alice,Sales,46
1146,Alice,HR,23
1147,Ian,IT,46
1148,Ian,Sales,54
1149,David,Marketing,57
1150,Ian,Finance,52
1151,Charlie,Marketing,35
1152,Grace,IT,22
1153,Frank,Marketing,37
1154,Hannah,HR,24
1155,Ian,IT,56
1156,Emma,Finance,27
1157,Alice,HR,46
1158,Charlie,IT,34
1159,Jack,Finance,55
1160,Hannah,HR,29
1161,Frank,HR,42
1162,Hannah,IT,55
1163,Ian,Sales,25
1164,David,HR,46
1165,Alice,HR,36
1166,Alice,Finance,25
1167,Jack,Marketing,33
1168,David,IT,53
1169,Grace,IT,53
1170,Bob,Sales,49
1171,Charlie,Sales,34
1172,Alice,IT,52
1173,Emma,Sales,35
1174,Alice,Finance,41
1175,Hannah,IT,39
1176,Alice,Sales,50
1177,Alice,IT,27
1178,Bob,Marketing,53
1179,Bob,HR,50
1180,Frank,IT,23
1181,Grace,HR,44
1182,Emma,Sales,40
1183,Alice,HR,52
1184,Alice,IT,26
1185,Charlie,Marketing,40
1186,Bob,Sales,55
1187,Emma,IT,31
1188,Jack,Sales,46
1189,Frank,Finance,23
1190,Grace,HR,32
1191,David,Finance,52
1192,Grace,IT,36
1193,Hannah,Marketing,30
1194,Alice,Sales,44
1195,Frank,HR,40
1196,Hannah,Sales,30
1197,Emma,IT,56
1198,David,Sales,42
1199,Bob,HR,30
1200,Frank,IT,49
1201,Frank,Sales,28
1202,Alice,Marketing,37
1203,Ian,IT,37
1204,Frank,IT,54
1205,Charlie,Marketing,25
1206,David,Finance,25
1207,David,HR,38
1208,Charlie,Finance,58
1209,Jack,Sales,50
1210,Charlie,Marketing,57
1211,Charlie,Finance,59
1212,David,IT,58
1213,Grace,Sales,56
1214,David,Sales,28
1215,Ian,Finance,48
1216,Alice,Finance,49
1217,Hannah,Marketing,43
1218,Grace,HR,35
1219,Bob,Finance,28
1220,Hannah,Finance,58
1221,Alice,IT,43
1222,Ian,Sales,26
1223,Ian,HR,23
1224,Bob,IT,48
1225,Grace,Marketing,42
1226,Jack,Marketing,59
1227,Charlie,Finance,36
1228,Grace,Finance,42
1229,Jack,Marketing,31
1230,Ian,Finance,44
1231,David,HR,26
1232,Alice,Finance,22
1233,Bob,Sales,34
1234,Alice,Finance,42
1235,Emma,IT,47
1236,Emma,HR,42
1237,Grace,IT,39
1238,Ian,IT,58
1239,Ian,Sales,53
1240,Charlie,HR,57
1241,Charlie,HR,38
1242,Charlie,HR,56
1243,David,HR,32
1244,Hannah,HR,42
1245,Frank,Sales,47
1246,Hannah,Finance,25
1247,Alice,IT,55
1248,Hannah,HR,39
1249,David,Finance,56
1250,Alice,Finance,50
1251,Hannah,IT,50
1252,David,Sales,59
1253,Frank,Marketing,42
1254,Hannah,Marketing,34
1255,David,Finance,38
1256,Charlie,IT,30
1257,Ian,Marketing,22
1258,Charlie,Finance,23
1259,Ian,Sales,50
1260,Bob,Marketing,54
1261,Bob,Finance,31
1262,Bob,Finance,42
1263,Frank,HR,49
1264,Charlie,Sales,32
1265,Ian,HR,55
1266,David,IT,29
1267,Alice,HR,43
1268,David,HR,29
1269,Alice,Marketing,36
1270,Emma,Finance,38
1271,David,Sales,44
1272,Hannah,HR,45
1273,Hannah,Sales,40
1274,Grace,HR,26
1275,Charlie,IT,53
1276,Alice,HR,22
1277,Alice,Marketing,44
1278,Charlie,Finance,58
1279,Frank,IT,29
1280,Grace,HR,34
1281,Frank,Sales,29
1282,Frank,IT,44
1283,Frank,IT,22
1284,Charlie,HR,45
1285,Frank,IT,56
1286,Hannah,Sales,45
1287,Bob,IT,38
1288,Emma,Sales,26
1289,Alice,HR,41
1290,Alice,Finance,42
1291,Emma,IT,52
1292,Charlie,Finance,57
1293,David,Sales,32
1294,Charlie,IT,36
1295,Alice,Marketing,40
1296,Alice,Finance,28
1297,Emma,IT,49
1298,Frank,Finance,26
1299,Charlie,IT,26
1300,Ian,HR,51
1301,Emma,Finance,53
1302,Hannah,Marketing,29
1303,Alice,Marketing,31
1304,Emma,Sales,59
1305,Charlie,IT,53
1306,Alice,Finance,49
1307,David,Sales,38
1308,Emma,Finance,52
1309,Grace,IT,29
1310,Alice,Marketing,46
1311,Charlie,HR,30
1312,Bob,Marketing,23
1313,Ian,Sales,36
1314,Jack,HR,24
1315,Frank,Sales,57
1316,Jack,IT,25
1317,Charlie,HR,35
1318,Hannah,Sales,46
1319,Hannah,IT,31
1320,Bob,Marketing,42
1321,Frank,IT,57
1322,Grace,Finance,33
1323,Bob,IT,48
1324,Jack,IT,23
1325,Bob,Finance,34
1326,Jack,Sales,53
1327,Alice,Sales,52
1328,Hannah,IT,37
1329,Alice,Finance,53
1330,Ian,Finance,53
1331,Frank,Marketing,55
1332,Grace,Sales,32
1333,Jack,HR,31
1334,Grace,Sales,36
1335,Jack,Sales,38
1336,Charlie,Marketing,39
1337,Bob,HR,30
1338,Ian,Marketing,46
1339,Hannah,HR,35
1340,Jack,IT,46
1341,Grace,HR,43
1342,Ian,Marketing,51
1343,David,Sales,41
1344,David,HR,42
1345,Alice,HR,53
1346,Hannah,Finance,42
1347,Charlie,Sales,56
1348,Grace,IT,53
1349,Bob,Marketing,51
1350,Bob,IT,33
1351,Grace,Sales,39
1352,Frank,HR,42
1353,Charlie,HR,34
1354,Ian,Sales,42
1355,Jack,HR,29
1356,Frank,HR,28
1357,Jack,HR,44
1358,Jack,Marketing,53
1359,Frank,Marketing,32
1360,Alice,Finance,43
1361,David,IT,43
1362,Jack,Sales,46
1363,Frank,Sales,43
1364,Frank,Sales,49
1365,Emma,Finance,50
1366,Alice,Marketing,34
1367,Hannah,Finance,39
1368,Emma,Sales,23
1369,Emma,IT,50
1370,Grace,HR,42
1371,David,Marketing,36
1372,Frank,Marketing,48
1373,David,Finance,52
1374,Charlie,Marketing,36
1375,Grace,Sales,44
1376,Hannah,Sales,45
1377,David,Finance,34
1378,Bob,Sales,43
1379,Jack,IT,58
1380,Charlie,Finance,54
1381,Alice,IT,24
1382,Hannah,HR,40
1383,Charlie,IT,44
1384,Jack,HR,50
1385,Grace,HR,51
1386,Jack,IT,46
1387,Emma,Finance,58
1388,Jack,Sales,29
1389,Emma,Sales,37
1390,Grace,HR,29
1391,Ian,HR,22
1392,Emma,Finance,26
1393,Alice,Marketing,24
1394,Jack,IT,22
1395,Jack,HR,25
1396,Alice,Sales,56
1397,Bob,Finance,53
1398,Frank,IT,55
1399,Ian,Finance,46
1400,Hannah,IT,31
1401,Emma,IT,42
1402,Alice,HR,48
1403,Grace,Finance,48
1404,Emma,Finance,23
1405,Frank,Sales,34
1406,Grace,Sales,30
1407,Charlie,HR,57
1408,Jack,HR,43
1409,Charlie,Marketing,47
1410,Emma,Sales,33
1411,Frank,IT,38
1412,Ian,Finance,35
1413,Emma,HR,35
1414,Alice,Finance,55
1415,David,Finance,41
1416,Emma,Marketing,32
1417,Jack,Sales,37
1418,Jack,HR,52
1419,Emma,Finance,27
1420,Grace,HR,40
1421,David,IT,58
1422,Alice,Marketing,25
1423,Emma,IT,25
1424,Grace,HR,41
1425,Jack,HR,31
1426,Jack,Sales,45
1427,Frank,Finance,56
1428,Emma,Finance,47
1429,David,IT,58
1430,Bob,Marketing,59
1431,David,Finance,42
1432,Jack,Sales,42
1433,Jack,IT,31
1434,Charlie,IT,59
1435,Jack,Sales,25
1436,Alice,Marketing,41
1437,Hannah,Sales,38
1438,Emma,Marketing,28
1439,David,Sales,25
1440,Hannah,Sales,50
1441,Grace,HR,35
1442,Bob,IT,24
1443,Alice,Sales,45
1444,David,Sales,58
1445,Hannah,Finance,37
1446,Bob,IT,25
1447,Charlie,Finance,45
1448,Alice,IT,55
1449,Alice,Finance,51
1450,Charlie,Sales,39
1451,Emma,Sales,40
1452,Charlie,HR,52
1453,Alice,Finance,40
1454,Alice,Marketing,40
1455,Hannah,HR,43
1456,Jack,Finance,45
1457,Bob,Finance,33
1458,Charlie,HR,51
1459,Bob,Sales,59
1460,Charlie,Finance,52
1461,Grace,Sales,57
1462,Alice,HR,40
1463,Jack,Sales,57
1464,Hannah,IT,51
1465,Jack,Marketing,54
1466,Jack,Finance,39
1467,Jack,Marketing,49
1468,Bob,Sales,32
1469,Charlie,Finance,54
1470,Ian,Sales,38
1471,Grace,IT,27
1472,David,HR,25
1473,Jack,Finance,41
1474,Emma,IT,48
1475,Bob,IT,36
1476,Hannah,Finance,27
1477,David,Sales,35
1478,Ian,IT,32
1479,Emma,Marketing,30
1480,Ian,IT,47
1481,David,Sales,37
1482,Jack,Sales,26
1483,Emma,Marketing,31
1484,Ian,IT,24
1485,Hannah,Sales,34
1486,Charlie,Finance,51
1487,Alice,HR,27
1488,Charlie,HR,38
1489,David,HR,40
1490,Bob,IT,56
1491,Alice,Marketing,47
1492,Grace,Sales,26
1493,Hannah,Finance,50
1494,Grace,Finance,58
1495,Emma,IT,41
1496,Alice,HR,42
1497,Grace,IT,31
1498,Grace,Marketing,26
1499,Ian,Marketing,57
1500,Charlie,Sales,27
1501,Ian,Sales,47
1502,Alice,Marketing,25
1503,Alice,Marketing,56
1504,David,Marketing,22
1505,Ian,IT,45
1506,Frank,Marketing,57
1507,Charlie,Finance,27
1508,Alice,HR,52
1509,David,Marketing,41
1510,Ian,HR,45
1511,Charlie,IT,46
1512,Ian,HR,57
1513,Grace,IT,42
1514,David,Finance,51
1515,Charlie,IT,45
1516,Jack,IT,51
1517,Emma,Sales,43
1518,Emma,Marketing,49
1519,Charlie,Marketing,28
1520,Ian,Finance,56
1521,David,Finance,49
1522,Emma,Marketing,35
1523,David,Sales,31
1524,Emma,Marketing,37
1525,Grace,Sales,37
1526,Ian,Finance,52
1527,Grace,HR,46
1528,Emma,Finance,34
1529,Jack,Finance,27
1530,Jack,IT,30
1531,Grace,IT,57
1532,Jack,IT,41
1533,Emma,IT,39
1534,Charlie,Sales,42
1535,Grace,Marketing,25
1536,Bob,HR,54
1537,Ian,Finance,48
1538,Jack,Sales,28
1539,Jack,HR,27
1540,Alice,Sales,36
1541,Frank,Sales,39
1542,Grace,Finance,53
1543,Hannah,Marketing,32
1544,Jack,IT,41
1545,Ian,Marketing,45
1546,Bob,Finance,36
1547,Jack,Finance,28
1548,Bob,Finance,42
1549,Emma,HR,47
1550,Emma,Marketing,35
1551,Frank,Marketing,58
1552,Charlie,Sales,42
1553,Hannah,Sales,39
1554,Alice,Sales,26
1555,Frank,Finance,24
1556,David,Marketing,44
1557,Alice,Finance,47
1558,Grace,HR,58
1559,Ian,Sales,45
1560,David,Finance,40
1561,David,Finance,46
1562,Frank,HR,42
1563,Charlie,IT,33
1564,Frank,Marketing,54
1565,Grace,IT,25
1566,Jack,Sales,28
1567,Jack,Finance,43
1568,Charlie,HR,54
1569,Grace,HR,38
1570,Charlie,Marketing,45
1571,Bob,IT,55
1572,Jack,Marketing,49
1573,David,Finance,43
1574,Hannah,Marketing,38
1575,Ian,HR,55
1576,Grace,HR,27
1577,Alice,Sales,27
1578,Charlie,Sales,55
1579,Ian,Finance,22
1580,Alice,IT,31
1581,Ian,Marketing,42
1582,Hannah,Finance,26
1583,Alice,Sales,23
1584,Frank,Marketing,43
1585,Emma,Sales,23
1586,Frank,Marketing,31
1587,Jack,IT,55
1588,Emma,Finance,37
1589,Frank,Marketing,43
1590,Emma,HR,33
1591,Emma,HR,45
1592,David,Marketing,59
1593,Charlie,Marketing,31
1594,Charlie,Marketing,56
1595,David,HR,53
1596,Ian,HR,28
1597,Bob,Marketing,42
1598,Ian,Sales,41
1599,Alice,Sales,47
1600,Alice,IT,25
1601,Emma,Finance,43
1602,Frank,Sales,36
1603,Frank,HR,42
1604,Charlie,Sales,36
1605,Grace,IT,43
1606,Ian,IT,49
1607,Jack,Finance,35
1608,Hannah,Sales,48
1609,Frank,HR,49
1610,Hannah,HR,47
1611,Emma,Marketing,23
1612,Hannah,HR,46
1613,Jack,Finance,24
1614,David,Finance,29
1615,Jack,HR,54
1616,Hannah,HR,56
1617,Jack,Marketing,27
1618,Bob,HR,44
1619,Emma,Marketing,46
1620,Ian,Marketing,40
1621,David,HR,26
1622,Frank,IT,32
1623,Alice,IT,33
1624,Ian,Marketing,31
1625,Alice,HR,29
1626,Emma,IT,45
1627,David,HR,49
1628,Charlie,HR,57
1629,Frank,HR,58
1630,Bob,Sales,42
1631,Charlie,HR,29
1632,Emma,Sales,30
1633,Ian,Marketing,36
1634,Bob,IT,39
1635,Jack,IT,41
1636,Hannah,IT,27
1637,Bob,IT,33
1638,Emma,IT,23
1639,Grace,IT,28
1640,Hannah,IT,37
1641,Alice,Marketing,24
1642,Frank,HR,24
1643,Alice,Finance,48
1644,Bob,Sales,59
1645,Alice,Finance,54
1646,Emma,Finance,49
1647,Jack,HR,22
1648,Ian,HR,29
1649,Frank,HR,58
1650,Alice,IT,53
1651,Alice,Marketing,58
1652,Bob,IT,25
1653,Ian,Marketing,51
1654,Charlie,Marketing,27
1655,Alice,Finance,40
1656,Emma,Finance,53
1657,Grace,Marketing,30
1658,Frank,Marketing,33
1659,Alice,IT,32
1660,Emma,IT,37
1661,Emma,Finance,22
1662,Frank,HR,42
1663,Charlie,Marketing,51
1664,Emma,IT,34
1665,Grace,Finance,55
1666,Emma,IT,25
1667,Emma,Marketing,49
1668,Emma,Marketing,59
1669,Jack,Sales,52
1670,Jack,HR,48
1671,Charlie,Sales,26
1672,Alice,Finance,46
1673,Emma,IT,24
1674,Ian,Finance,54
1675,Alice,Marketing,25
1676,Charlie,Sales,46
1677,David,Sales,41
1678,Alice,Sales,55
1679,Alice,Finance,47
1680,Hannah,Marketing,26
1681,Bob,IT,56
1682,Hannah,IT,49
1683,Grace,Finance,50
1684,Jack,Sales,30
1685,Jack,HR,59
1686,Bob,Finance,27
1687,Frank,Finance,40
1688,Frank,Marketing,32
1689,Charlie,IT,23
1690,Bob,Finance,30
1691,Alice,Finance,42
1692,Frank,Sales,45
1693,Emma,Sales,55
1694,Ian,HR,43
1695,Alice,Marketing,24
1696,Grace,HR,33
1697,Emma,Sales,49
1698,Emma,IT,51
1699,Bob,Sales,47
1700,Charlie,Marketing,42
1701,Grace,Sales,49
1702,Frank,Marketing,47
1703,Bob,Marketing,54
1704,Frank,Marketing,42
1705,Bob,Marketing,56
1706,Bob,Marketing,55
1707,Bob,IT,39
1708,Charlie,HR,32
1709,Bob,Finance,44
1710,David,HR,43
1711,Ian,Marketing,38
1712,Frank,IT,26
1713,Alice,Sales,32
1714,Hannah,IT,51
1715,Grace,Marketing,36
1716,Jack,IT,48
1717,Charlie,IT,56
1718,Alice,Marketing,54
1719,Emma,IT,41
1720,David,Finance,37
1721,Jack,Finance,55
1722,Hannah,IT,23
1723,Alice,Sales,56
1724,Jack,Marketing,49
1725,Alice,Finance,27
1726,David,Sales,30
1727,Hannah,IT,41
1728,Emma,Sales,22
1729,Bob,HR,29
1730,Frank,Finance,44
1731,Emma,IT,24
1732,Bob,Marketing,25
1733,Charlie,IT,46
1734,Ian,Marketing,59
1735,Grace,IT,36
1736,Grace,Sales,42
1737,Frank,Sales,56
1738,Hannah,Sales,35
1739,David,HR,57
1740,Hannah,Marketing,33
1741,David,Sales,38
1742,Hannah,HR,30
1743,Ian,Marketing,56
1744,Charlie,IT,34
1745,Charlie,HR,36
1746,Bob,Finance,39
1747,Jack,HR,54
1748,Charlie,HR,27
1749,Charlie,Marketing,48
1750,Emma,IT,44
1751,Emma,Finance,48
1752,Bob,Sales,55
1753,Jack,Sales,59
1754,Frank,HR,35
1755,Emma,Marketing,57
1756,Frank,Marketing,29
1757,Alice,Sales,56
1758,Emma,Finance,40
1759,Ian,IT,51
1760,Jack,Finance,35
1761,Bob,IT,41
1762,Alice,Sales,46
1763,Jack,IT,45
1764,Ian,Marketing,35
1765,Jack,HR,47
1766,Ian,HR,59
1767,Ian,Sales,44
1768,Frank,Marketing,43
1769,Hannah,Finance,40
1770,Alice,Marketing,24
1771,Jack,HR,40
1772,David,HR,30
1773,Alice,Marketing,49
1774,Hannah,Marketing,41
1775,Alice,HR,28
1776,Charlie,Finance,35
1777,David,Sales,30
1778,Hannah,Sales,40
1779,Frank,Marketing,35
1780,Jack,Sales,59
1781,Grace,HR,57
1782,Hannah,HR,38
1783,Bob,Marketing,51
1784,Jack,Marketing,30
1785,Hannah,Marketing,54
1786,Charlie,Finance,46
1787,Grace,Sales,35
1788,Charlie,Marketing,32
1789,Grace,IT,56
1790,Bob,IT,35
1791,Jack,HR,51
1792,Frank,Sales,25
1793,Charlie,Marketing,25
1794,Charlie,IT,49
1795,Ian,Sales,29
1796,Grace,HR,23
1797,Emma,Finance,43
1798,Jack,Sales,37
1799,Grace,Sales,50
1800,Ian,Finance,51
1801,Alice,Sales,33
1802,Grace,HR,56
1803,Frank,HR,32
1804,Jack,Finance,42
1805,Ian,Marketing,42
1806,Alice,IT,26
1807,David,Marketing,41
1808,Ian,Sales,58
1809,David,IT,24
1810,Jack,Finance,54
1811,Charlie,Finance,30
1812,Ian,IT,30
1813,Bob,HR,25
1814,David,IT,56
1815,Frank,Sales,38
1816,Bob,HR,55
1817,Hannah,Finance,45
1818,Hannah,IT,53
1819,Alice,Marketing,22
1820,Charlie,Marketing,29
1821,Jack,Sales,44
1822,Ian,Marketing,33
1823,Emma,IT,33
1824,Frank,IT,36
1825,David,Marketing,40
1826,Jack,IT,47
1827,Bob,Sales,50
1828,Hannah,HR,43
1829,Frank,Sales,42
1830,Emma,Sales,59
1831,Ian,IT,41
1832,Alice,HR,50
1833,Emma,IT,25
1834,Frank,Finance,28
1835,Emma,IT,49
1836,Frank,IT,49
1837,Frank,IT,25
1838,Grace,HR,43
1839,David,IT,33
1840,Hannah,HR,24
1841,Grace,Marketing,43
1842,Ian,Finance,23
1843,Grace,HR,45
1844,Charlie,Marketing,55
1845,Charlie,HR,48
1846,Hannah,HR,22
1847,Emma,Finance,29
1848,David,Sales,44
1849,Hannah,Sales,59
1850,Frank,HR,27
1851,Bob,IT,43
1852,David,Marketing,46
1853,David,IT,39
1854,Frank,IT,38
1855,Frank,HR,33
1856,Alice,HR,27
1857,Hannah,HR,47
1858,Frank,HR,48
1859,Charlie,Sales,29
1860,Ian,HR,40
1861,Bob,Sales,22
1862,Hannah,Sales,50
1863,Jack,HR,56
1864,Charlie,Finance,35
1865,Emma,Marketing,56
1866,Frank,IT,41
1867,Jack,Sales,34
1868,Frank,Marketing,59
1869,David,Finance,29
1870,Charlie,IT,41
1871,David,IT,54
1872,Alice,Sales,47
1873,David,HR,42
1874,Alice,Finance,30
1875,Alice,Sales,45
1876,Jack,Finance,58
1877,Frank,HR,38
1878,Emma,HR,45
1879,David,Sales,42
1880,Charlie,HR,34
1881,Alice,Marketing,32
1882,Frank,IT,40
1883,Bob,Sales,32
1884,Hannah,Finance,34
1885,Jack,Marketing,22
1886,Emma,Sales,40
1887,Grace,HR,33
1888,Jack,HR,29
1889,Bob,HR,29
1890,Hannah,HR,33
1891,Bob,Finance,54
1892,David,Marketing,47
1893,Alice,IT,49
1894,Emma,Finance,26
1895,Ian,Finance,29
1896,Alice,IT,46
1897,Ian,IT,48
1898,Hannah,HR,44
1899,Frank,Finance,51
1900,Grace,Sales,44
1901,Charlie,IT,41
1902,Alice,IT,39
1903,Emma,Marketing,39
1904,Bob,Sales,23
1905,Emma,Sales,25
1906,Hannah,IT,51
1907,Ian,HR,54
1908,Bob,Marketing,57
1909,Charlie,Sales,39
1910,Charlie,IT,58
1911,Alice,Sales,40
1912,Hannah,Marketing,49
1913,Frank,Marketing,41
1914,Hannah,Finance,54
1915,Ian,IT,33
1916,Emma,Marketing,36
1917,Charlie,Finance,23
1918,Emma,Finance,50
1919,Emma,Sales,31
1920,Emma,Sales,23
1921,Charlie,Finance,32
1922,Jack,Sales,34
1923,David,Marketing,31
1924,Ian,HR,35
1925,Jack,Marketing,39
1926,Ian,Finance,30
1927,Bob,Finance,49
1928,Hannah,Marketing,24
1929,Hannah,Sales,41
1930,Grace,Sales,27
1931,Hannah,Finance,48
1932,Charlie,IT,23
1933,Frank,Sales,50
1934,Alice,Marketing,59
1935,Grace,Sales,24
1936,Alice,Marketing,37
1937,Ian,Finance,51
1938,Alice,Sales,23
1939,Alice,Marketing,38
1940,Grace,Finance,33
1941,Bob,IT,56
1942,Emma,Marketing,22
1943,Hannah,IT,36
1944,Hannah,IT,47
1945,Charlie,HR,58
1946,Grace,Sales,42
1947,Charlie,Marketing,52
1948,Frank,IT,46
1949,Frank,HR,44
1950,Charlie,Finance,45
1951,Grace,Marketing,59
1952,Charlie,IT,49
1953,Hannah,Sales,42
1954,Jack,HR,39
1955,David,IT,57
1956,Alice,Sales,56
1957,David,IT,30
1958,Grace,Marketing,59
1959,David,Marketing,51
1960,Frank,Marketing,55
1961,Ian,HR,53
1962,Alice,Marketing,24
1963,Emma,Sales,24
1964,Grace,IT,49
1965,Alice,Finance,36
1966,David,Sales,44
1967,Frank,Sales,32
1968,Bob,Marketing,53
1969,Jack,HR,57
1970,Emma,IT,54
1971,Jack,HR,45
1972,Alice,IT,55
1973,Frank,IT,49
1974,Frank,HR,58
1975,David,Sales,28
1976,Hannah,IT,25
1977,David,HR,58
1978,Hannah,IT,22
1979,Hannah,Finance,22
1980,Emma,Sales,41
1981,David,Marketing,40
1982,Bob,IT,50
1983,Charlie,Finance,31
1984,Charlie,Marketing,39
1985,David,Marketing,49
1986,David,IT,56
1987,Jack,HR,52
1988,Emma,IT,48
1989,David,Finance,32
1990,Jack,Marketing,59
1991,Hannah,IT,26
1992,Frank,HR,29
1993,Frank,IT,55
1994,Hannah,Sales,33
1995,Grace,HR,59
1996,Jack,Finance,22
1997,Jack,Marketing,52
1998,Hannah,IT,25
1999,Bob,HR,26
2000,Ian,Sales,51
